source_image_id,image_route,legacy_subject_mode,routing_confidence,face_ratio,ankle_conf_max,ankle_y_norm,pose_bbox_height_ratio,lower_body_reliable,reasons,in_selected_panel,issue_type,caption,user_marked
bigstock_image_292908289,person_single_face_headshot,portrait_single,0.95,0.073488,0.904274,0.68507,0.615586,True,legacy_portrait_single;shot_face_headshot:existing_shot_type,True,image_face_headshot_with_full_body_pose,face route but lower_body=1,False
pond5_image_114358384,person_single_face_headshot,portrait_single,0.95,0.12468,0.920868,0.693081,0.559766,True,legacy_portrait_single;shot_face_headshot:existing_shot_type,True,image_face_headshot_with_full_body_pose,face route but lower_body=1,False
pond5_image_72309116,person_single_face_headshot,portrait_single,0.95,0.098438,0.948097,0.899189,0.705662,True,legacy_portrait_single;shot_face_headshot:existing_shot_type,True,image_face_headshot_with_full_body_pose,face route but lower_body=1,False
pond5_image_86336860,person_single_face_headshot,portrait_single,0.95,0.105754,0.919424,0.769106,0.673829,True,legacy_portrait_single;shot_face_headshot:existing_shot_type,True,image_face_headshot_with_full_body_pose,face route but lower_body=1,False
sstk_image_627671798,person_single_face_headshot,portrait_single,0.95,0.040669,0.599757,0.85877,0.633909,True,legacy_portrait_single;shot_face_headshot:existing_shot_type,True,image_face_headshot_with_full_body_pose,face route but lower_body=1,False
bigstock_image_110426498,person_single_face_headshot,portrait_single,0.83,0.090268,0.877586,0.83497,0.725815,True,legacy_portrait_single;shot_face_headshot:existing_shot_type,False,image_face_headshot_with_full_body_pose,face route but lower_body=1,False
bigstock_image_120587939,person_single_face_headshot,portrait_single,0.95,0.065932,0.759619,0.88748,0.809818,True,legacy_portrait_single;shot_face_headshot:existing_shot_type,False,image_face_headshot_with_full_body_pose,face route but lower_body=1,False
bigstock_image_127465529,person_single_face_headshot,portrait_single,0.95,0.057956,0.42015,0.638584,0.720153,True,legacy_portrait_single;shot_face_headshot:existing_shot_type,False,image_face_headshot_with_full_body_pose,face route but lower_body=1,False
bigstock_image_139096124,person_single_face_headshot,portrait_single,0.79,0.013952,0.321099,0.633987,0.65102,True,legacy_portrait_single;shot_face_headshot:existing_shot_type,False,image_face_headshot_with_full_body_pose,face route but lower_body=1,False
bigstock_image_181289674,person_single_face_headshot,portrait_single,0.95,0.089894,0.911526,0.887616,0.660757,True,legacy_portrait_single;shot_face_headshot:existing_shot_type,False,image_face_headshot_with_full_body_pose,face route but lower_body=1,False
bigstock_image_187705027,person_single_face_headshot,portrait_single,0.95,0.101231,0.949247,0.803383,0.690642,True,legacy_portrait_single;shot_face_headshot:existing_shot_type,False,image_face_headshot_with_full_body_pose,face route but lower_body=1,True
bigstock_image_190315612,person_single_face_headshot,portrait_single,0.95,0.071024,0.78509,0.889577,0.939234,True,legacy_portrait_single;shot_face_headshot:existing_shot_type,False,image_face_headshot_with_full_body_pose,face route but lower_body=1,False
bigstock_image_191689474,person_single_face_headshot,portrait_single,0.95,0.071749,1.0,0.992235,0.971897,True,legacy_portrait_single;shot_face_headshot:existing_shot_type,False,image_face_headshot_with_full_body_pose,face route but lower_body=1,False
bigstock_image_199044151,person_single_face_headshot,portrait_single,0.95,0.052513,0.969641,0.82285,0.685836,True,legacy_portrait_single;shot_face_headshot:existing_shot_type,False,image_face_headshot_with_full_body_pose,face route but lower_body=1,True
bigstock_image_199091824,person_single_face_headshot,portrait_single,0.95,0.07117,0.58748,0.896435,0.686295,True,legacy_portrait_single;shot_face_headshot:existing_shot_type,False,image_face_headshot_with_full_body_pose,face route but lower_body=1,False
bigstock_image_200482714,person_single_face_headshot,portrait_single,0.95,0.114352,0.891225,0.86443,0.833476,True,legacy_portrait_single;shot_face_headshot:existing_shot_type,False,image_face_headshot_with_full_body_pose,face route but lower_body=1,False
bigstock_image_219853114,person_single_face_headshot,portrait_single,0.95,0.05976,0.905676,0.755749,0.525711,True,legacy_portrait_single;shot_face_headshot:existing_shot_type,False,image_face_headshot_with_full_body_pose,face route but lower_body=1,False
bigstock_image_245745289,person_single_face_headshot,portrait_single,0.95,0.052121,0.962174,0.926467,0.917598,True,legacy_portrait_single;shot_face_headshot:existing_shot_type,False,image_face_headshot_with_full_body_pose,face route but lower_body=1,False
bigstock_image_249216229,person_single_face_headshot,portrait_single,0.95,0.074638,0.933288,0.737064,0.617913,True,legacy_portrait_single;shot_face_headshot:existing_shot_type,False,image_face_headshot_with_full_body_pose,face route but lower_body=1,False
bigstock_image_406470290,person_single_face_headshot,portrait_single,0.95,0.105977,0.922036,0.717147,0.590898,True,legacy_portrait_single;shot_face_headshot:existing_shot_type,False,image_face_headshot_with_full_body_pose,face route but lower_body=1,False
bigstock_image_408851474,person_single_face_headshot,portrait_single,0.95,0.096206,0.980689,0.854501,0.817817,True,legacy_portrait_single;shot_face_headshot:existing_shot_type,False,image_face_headshot_with_full_body_pose,face route but lower_body=1,False
bigstock_image_426945167,person_single_face_headshot,portrait_single,0.95,0.070818,0.685844,0.893777,0.637876,True,legacy_portrait_single;shot_face_headshot:existing_shot_type,False,image_face_headshot_with_full_body_pose,face route but lower_body=1,False
bigstock_image_457513959,person_single_face_headshot,portrait_single,0.95,0.016407,0.887574,0.622688,0.758583,True,legacy_portrait_single;shot_face_headshot:existing_shot_type,False,image_face_headshot_with_full_body_pose,face route but lower_body=1,False
bigstock_image_466004039,person_single_face_headshot,portrait_single,0.95,0.128686,0.959259,0.853302,0.820213,True,legacy_portrait_single;shot_face_headshot:existing_shot_type,False,image_face_headshot_with_full_body_pose,face route but lower_body=1,False
bigstock_image_476757771,person_single_face_headshot,portrait_single,0.95,0.082651,0.916958,0.863739,0.69614,True,legacy_portrait_single;shot_face_headshot:existing_shot_type,False,image_face_headshot_with_full_body_pose,face route but lower_body=1,False
bigstock_image_72073333,person_single_face_headshot,portrait_single,0.95,0.129179,0.384387,0.976657,0.724216,True,legacy_portrait_single;shot_face_headshot:existing_shot_type,False,image_face_headshot_with_full_body_pose,face route but lower_body=1,False
bigstock_image_90909815,person_single_face_headshot,portrait_single,0.95,0.08004,0.920256,0.882191,0.815396,True,legacy_portrait_single;shot_face_headshot:existing_shot_type,False,image_face_headshot_with_full_body_pose,face route but lower_body=1,False
bigstock_image_93121136,person_single_face_headshot,portrait_single,0.95,0.128172,0.854461,0.861394,0.758143,True,legacy_portrait_single;shot_face_headshot:existing_shot_type,False,image_face_headshot_with_full_body_pose,face route but lower_body=1,False
pond5_image_105998157,person_single_face_headshot,portrait_single,0.95,0.057278,0.705572,0.865867,0.47046,True,legacy_portrait_single;shot_face_headshot:existing_shot_type,False,image_face_headshot_with_full_body_pose,face route but lower_body=1,False
pond5_image_106373524,person_single_face_headshot,portrait_single,0.95,0.097673,0.386599,1.0,0.800181,True,legacy_portrait_single;shot_face_headshot:existing_shot_type,False,image_face_headshot_with_full_body_pose,face route but lower_body=1,False
pond5_image_108430986,person_single_face_headshot,portrait_single,0.95,0.036411,0.554415,0.863131,0.628775,True,legacy_portrait_single;shot_face_headshot:existing_shot_type,False,image_face_headshot_with_full_body_pose,face route but lower_body=1,False
pond5_image_117431692,person_single_face_headshot,portrait_single,0.95,0.074857,0.98069,0.975019,0.735427,True,legacy_portrait_single;shot_face_headshot:existing_shot_type,False,image_face_headshot_with_full_body_pose,face route but lower_body=1,False
pond5_image_11795746,person_single_face_headshot,portrait_single,0.95,0.048243,0.648947,0.373935,0.906369,False,legacy_portrait_single;shot_face_headshot:existing_shot_type,False,image_face_headshot_with_full_body_pose,face route but lower_body=0,False
pond5_image_118534602,person_single_face_headshot,portrait_single,0.95,0.1146,0.880494,0.974936,0.945894,True,legacy_portrait_single;shot_face_headshot:existing_shot_type,False,image_face_headshot_with_full_body_pose,face route but lower_body=1,False
pond5_image_119519343,person_single_face_headshot,portrait_single,0.95,0.11672,0.882076,0.816487,0.783693,True,legacy_portrait_single;shot_face_headshot:existing_shot_type,False,image_face_headshot_with_full_body_pose,face route but lower_body=1,False
pond5_image_119631240,person_single_face_headshot,portrait_single,0.83,0.101318,0.911645,0.857375,0.711596,True,legacy_portrait_single;shot_face_headshot:existing_shot_type,False,image_face_headshot_with_full_body_pose,face route but lower_body=1,False
pond5_image_120032575,person_single_face_headshot,portrait_single,0.95,0.076997,0.914025,0.911696,0.796276,True,legacy_portrait_single;shot_face_headshot:existing_shot_type,False,image_face_headshot_with_full_body_pose,face route but lower_body=1,False
pond5_image_122491587,person_single_face_headshot,portrait_single,0.95,0.098523,0.921144,0.801703,0.758724,True,legacy_portrait_single;shot_face_headshot:existing_shot_type,False,image_face_headshot_with_full_body_pose,face route but lower_body=1,False
pond5_image_124301677,person_single_face_headshot,portrait_single,0.95,0.093901,0.664761,1.0,0.818892,True,legacy_portrait_single;shot_face_headshot:existing_shot_type,False,image_face_headshot_with_full_body_pose,face route but lower_body=1,False
pond5_image_127666074,person_single_face_headshot,portrait_single,0.95,0.049649,0.981792,0.91511,0.790201,True,legacy_portrait_single;shot_face_headshot:existing_shot_type,False,image_face_headshot_with_full_body_pose,face route but lower_body=1,False
pond5_image_136180275,person_single_face_headshot,portrait_single,0.95,0.096559,0.698041,0.926918,0.754107,True,legacy_portrait_single;shot_face_headshot:existing_shot_type,False,image_face_headshot_with_full_body_pose,face route but lower_body=1,False
pond5_image_136612440,person_single_face_headshot,portrait_single,0.95,0.047303,0.926294,0.83218,0.592765,True,legacy_portrait_single;shot_face_headshot:existing_shot_type,False,image_face_headshot_with_full_body_pose,face route but lower_body=1,False
pond5_image_136898009,person_single_face_headshot,portrait_single,0.95,0.097042,0.930289,0.889348,0.681948,True,legacy_portrait_single;shot_face_headshot:existing_shot_type,False,image_face_headshot_with_full_body_pose,face route but lower_body=1,False
pond5_image_140830160,person_single_face_headshot,portrait_single,0.95,0.075471,0.921097,0.839755,0.836716,True,legacy_portrait_single;shot_face_headshot:existing_shot_type,False,image_face_headshot_with_full_body_pose,face route but lower_body=1,False
pond5_image_148791373,person_single_face_headshot,portrait_single,0.95,0.076788,0.780415,0.606569,0.580222,False,legacy_portrait_single;shot_face_headshot:existing_shot_type,False,image_face_headshot_with_full_body_pose,face route but lower_body=0,False
pond5_image_153492599,person_single_face_headshot,portrait_single,0.95,0.100054,0.75414,0.766847,0.422429,True,legacy_portrait_single;shot_face_headshot:existing_shot_type,False,image_face_headshot_with_full_body_pose,face route but lower_body=1,False
pond5_image_155782960,person_single_face_headshot,portrait_single,0.95,0.063432,0.594126,0.912377,0.456606,True,legacy_portrait_single;shot_face_headshot:existing_shot_type,False,image_face_headshot_with_full_body_pose,face route but lower_body=1,False
pond5_image_157870092,person_single_face_headshot,portrait_single,0.95,0.064589,0.932836,0.770011,0.540722,True,legacy_portrait_single;shot_face_headshot:existing_shot_type,False,image_face_headshot_with_full_body_pose,face route but lower_body=1,False
pond5_image_159480603,person_single_face_headshot,portrait_single,0.95,0.043809,0.906084,0.842351,0.809366,True,legacy_portrait_single;shot_face_headshot:existing_shot_type,False,image_face_headshot_with_full_body_pose,face route but lower_body=1,False
pond5_image_160583690,person_single_face_headshot,portrait_single,0.95,0.112962,0.708851,0.76351,0.466759,True,legacy_portrait_single;shot_face_headshot:existing_shot_type,False,image_face_headshot_with_full_body_pose,face route but lower_body=1,False
pond5_image_168418156,person_single_face_headshot,portrait_single,0.95,0.055556,0.687914,0.734902,0.593215,True,legacy_portrait_single;shot_face_headshot:existing_shot_type,False,image_face_headshot_with_full_body_pose,face route but lower_body=1,False
pond5_image_169764872,person_single_face_headshot,portrait_single,0.95,0.097911,0.889605,1.0,0.912666,True,legacy_portrait_single;shot_face_headshot:existing_shot_type,False,image_face_headshot_with_full_body_pose,face route but lower_body=1,False
pond5_image_179037741,person_single_face_headshot,portrait_single,0.95,0.052125,0.937318,0.844463,0.765346,True,legacy_portrait_single;shot_face_headshot:existing_shot_type,False,image_face_headshot_with_full_body_pose,face route but lower_body=1,False
pond5_image_201878645,person_single_face_headshot,portrait_single,0.95,0.101354,0.935131,0.920512,0.901686,True,legacy_portrait_single;shot_face_headshot:existing_shot_type,False,image_face_headshot_with_full_body_pose,face route but lower_body=1,False
pond5_image_205156427,person_single_face_headshot,portrait_single,0.95,0.026496,0.837868,0.915545,0.778561,True,legacy_portrait_single;shot_face_headshot:existing_shot_type,False,image_face_headshot_with_full_body_pose,face route but lower_body=1,False
pond5_image_205822259,person_single_face_headshot,portrait_single,0.95,0.064548,0.865741,0.574621,0.578101,False,legacy_portrait_single;shot_face_headshot:existing_shot_type,False,image_face_headshot_with_full_body_pose,face route but lower_body=0,False
pond5_image_206907117,person_single_face_headshot,portrait_single,0.95,0.0505,0.968529,0.857588,0.894653,True,legacy_portrait_single;shot_face_headshot:existing_shot_type,False,image_face_headshot_with_full_body_pose,face route but lower_body=1,False
pond5_image_218329919,person_single_face_headshot,portrait_single,0.95,0.075532,0.497025,1.0,0.973095,True,legacy_portrait_single;shot_face_headshot:existing_shot_type,False,image_face_headshot_with_full_body_pose,face route but lower_body=1,False
pond5_image_220726210,person_single_face_headshot,portrait_single,0.95,0.114701,0.381292,1.0,0.959619,True,legacy_portrait_single;shot_face_headshot:existing_shot_type,False,image_face_headshot_with_full_body_pose,face route but lower_body=1,False
pond5_image_237400310,person_single_face_headshot,portrait_single,0.95,0.093356,0.548419,0.79315,0.887809,True,legacy_portrait_single;shot_face_headshot:existing_shot_type,False,image_face_headshot_with_full_body_pose,face route but lower_body=1,False
pond5_image_238610675,person_single_face_headshot,portrait_single,0.83,0.090716,0.872174,0.909216,0.706563,True,legacy_portrait_single;shot_face_headshot:existing_shot_type,False,image_face_headshot_with_full_body_pose,face route but lower_body=1,False
pond5_image_242328393,person_single_face_headshot,portrait_single,0.83,0.096877,0.703142,0.99817,0.702253,True,legacy_portrait_single;shot_face_headshot:existing_shot_type,False,image_face_headshot_with_full_body_pose,face route but lower_body=1,False
pond5_image_42274147,person_single_face_headshot,portrait_single,0.95,0.040633,0.876744,0.552209,0.479712,False,legacy_portrait_single;shot_face_headshot:existing_shot_type,False,image_face_headshot_with_full_body_pose,face route but lower_body=0,False
pond5_image_64069172,person_single_face_headshot,portrait_single,0.95,0.093854,0.606891,1.0,0.790779,True,legacy_portrait_single;shot_face_headshot:existing_shot_type,False,image_face_headshot_with_full_body_pose,face route but lower_body=1,False
pond5_image_64621618,person_single_face_headshot,portrait_single,0.83,0.079639,0.401096,0.884657,0.722221,True,legacy_portrait_single;shot_face_headshot:existing_shot_type,False,image_face_headshot_with_full_body_pose,face route but lower_body=1,False
pond5_image_77358052,person_single_face_headshot,portrait_single,0.95,0.076625,0.887439,1.0,0.790891,True,legacy_portrait_single;shot_face_headshot:existing_shot_type,False,image_face_headshot_with_full_body_pose,face route but lower_body=1,False
pond5_image_81637438,person_single_face_headshot,portrait_single,0.95,0.106382,0.906844,0.827161,0.77133,True,legacy_portrait_single;shot_face_headshot:existing_shot_type,False,image_face_headshot_with_full_body_pose,face route but lower_body=1,False
pond5_image_82377341,person_single_face_headshot,portrait_single,0.95,0.072093,0.862152,0.929153,0.695115,True,legacy_portrait_single;shot_face_headshot:existing_shot_type,False,image_face_headshot_with_full_body_pose,face route but lower_body=1,False
pond5_image_82822524,person_single_face_headshot,portrait_single,0.95,0.080495,0.791802,0.883233,0.786874,True,legacy_portrait_single;shot_face_headshot:existing_shot_type,False,image_face_headshot_with_full_body_pose,face route but lower_body=1,False
pond5_image_87513831,person_single_face_headshot,portrait_single,0.95,0.050286,1.0,0.73989,0.59665,True,legacy_portrait_single;shot_face_headshot:existing_shot_type,False,image_face_headshot_with_full_body_pose,face route but lower_body=1,False
pond5_image_93376506,person_single_face_headshot,portrait_single,0.95,0.082416,0.960416,0.338138,0.368885,False,legacy_portrait_single;shot_face_headshot:existing_shot_type,False,image_face_headshot_with_full_body_pose,face route but lower_body=0,False
pond5_image_93634146,person_single_face_headshot,portrait_single,0.95,0.090527,0.938441,0.745086,0.579415,True,legacy_portrait_single;shot_face_headshot:existing_shot_type,False,image_face_headshot_with_full_body_pose,face route but lower_body=1,False
pond5_image_94511956,person_single_face_headshot,portrait_single,0.95,0.103266,0.308317,0.955101,0.980554,True,legacy_portrait_single;shot_face_headshot:existing_shot_type,False,image_face_headshot_with_full_body_pose,face route but lower_body=1,False
pond5_image_96362707,person_single_face_headshot,portrait_single,0.95,0.106496,0.992157,0.794778,0.903768,True,legacy_portrait_single;shot_face_headshot:existing_shot_type,False,image_face_headshot_with_full_body_pose,face route but lower_body=1,False
pond5_image_98369309,person_single_face_headshot,portrait_single,0.83,0.053915,0.926832,0.890566,0.673063,True,legacy_portrait_single;shot_face_headshot:existing_shot_type,False,image_face_headshot_with_full_body_pose,face route but lower_body=1,False
sstk_image_100799428,person_single_face_headshot,portrait_single,0.95,0.070429,0.938233,0.75666,0.543915,True,legacy_portrait_single;shot_face_headshot:existing_shot_type,False,image_face_headshot_with_full_body_pose,face route but lower_body=1,False
sstk_image_1032805069,person_single_face_headshot,portrait_single,0.95,0.077124,0.95771,0.896754,0.690266,True,legacy_portrait_single;shot_face_headshot:existing_shot_type,False,image_face_headshot_with_full_body_pose,face route but lower_body=1,False
sstk_image_1055464004,person_single_face_headshot,portrait_single,0.95,0.04864,0.848147,0.995438,0.999225,True,legacy_portrait_single;shot_face_headshot:existing_shot_type,False,image_face_headshot_with_full_body_pose,face route but lower_body=1,False
sstk_image_1081424546,person_single_face_headshot,portrait_single,0.95,0.111436,0.370036,0.694888,0.817784,True,legacy_portrait_single;shot_face_headshot:existing_shot_type,False,image_face_headshot_with_full_body_pose,face route but lower_body=1,False
sstk_image_1082161940,person_single_face_headshot,portrait_single,0.95,0.084764,0.92407,0.791357,0.808187,True,legacy_portrait_single;shot_face_headshot:existing_shot_type,False,image_face_headshot_with_full_body_pose,face route but lower_body=1,False
sstk_image_1090148975,person_single_face_headshot,portrait_single,0.95,0.040736,0.941245,0.90962,0.831744,True,legacy_portrait_single;shot_face_headshot:existing_shot_type,False,image_face_headshot_with_full_body_pose,face route but lower_body=1,False
sstk_image_1094747942,person_single_face_headshot,portrait_single,0.95,0.102957,0.423753,0.980509,0.917801,True,legacy_portrait_single;shot_face_headshot:existing_shot_type,False,image_face_headshot_with_full_body_pose,face route but lower_body=1,False
sstk_image_1106393150,person_single_face_headshot,portrait_single,0.95,0.049652,0.930323,0.885097,0.841507,True,legacy_portrait_single;shot_face_headshot:existing_shot_type,False,image_face_headshot_with_full_body_pose,face route but lower_body=1,False
sstk_image_1140920414,person_single_face_headshot,portrait_single,0.95,0.037871,0.916944,0.851779,0.744606,True,legacy_portrait_single;shot_face_headshot:existing_shot_type,False,image_face_headshot_with_full_body_pose,face route but lower_body=1,False
sstk_image_1146940160,person_single_face_headshot,portrait_single,0.95,0.025763,0.949299,0.708871,0.655411,True,legacy_portrait_single;shot_face_headshot:existing_shot_type,False,image_face_headshot_with_full_body_pose,face route but lower_body=1,False
sstk_image_1160292526,person_single_face_headshot,portrait_single,0.95,0.088962,0.953045,0.754259,0.693078,True,legacy_portrait_single;shot_face_headshot:existing_shot_type,False,image_face_headshot_with_full_body_pose,face route but lower_body=1,False
sstk_image_1191817105,person_single_face_headshot,portrait_single,0.95,0.0,0.627188,0.808609,0.387769,True,legacy_portrait_single;shot_face_headshot:existing_shot_type,False,image_face_headshot_with_full_body_pose,face route but lower_body=1,False
sstk_image_1193120977,person_single_face_headshot,portrait_single,0.95,0.083969,0.954035,0.874945,0.747618,True,legacy_portrait_single;shot_face_headshot:existing_shot_type,False,image_face_headshot_with_full_body_pose,face route but lower_body=1,False
sstk_image_1193932348,person_single_face_headshot,portrait_single,0.95,0.019956,0.907908,0.734242,0.589774,True,legacy_portrait_single;shot_face_headshot:existing_shot_type,False,image_face_headshot_with_full_body_pose,face route but lower_body=1,False
sstk_image_1216274137,person_single_face_headshot,portrait_single,0.95,0.027879,0.923122,0.789693,0.715909,True,legacy_portrait_single;shot_face_headshot:existing_shot_type,False,image_face_headshot_with_full_body_pose,face route but lower_body=1,False
sstk_image_1249310416,person_single_face_headshot,portrait_single,0.83,0.036764,0.5926,0.826945,0.808136,True,legacy_portrait_single;shot_face_headshot:existing_shot_type,False,image_face_headshot_with_full_body_pose,face route but lower_body=1,False
sstk_image_1251546727,person_single_face_headshot,portrait_single,0.95,0.071984,0.767179,1.0,0.653356,True,legacy_portrait_single;shot_face_headshot:existing_shot_type,False,image_face_headshot_with_full_body_pose,face route but lower_body=1,False
sstk_image_1259299885,person_single_face_headshot,portrait_single,0.95,0.020518,0.841944,0.798918,0.883656,True,legacy_portrait_single;shot_face_headshot:existing_shot_type,False,image_face_headshot_with_full_body_pose,face route but lower_body=1,False
sstk_image_1262417284,person_single_face_headshot,portrait_single,0.95,0.074944,0.921641,0.829485,0.888557,True,legacy_portrait_single;shot_face_headshot:existing_shot_type,False,image_face_headshot_with_full_body_pose,face route but lower_body=1,False
sstk_image_1366720133,person_single_face_headshot,portrait_single,0.95,0.067482,0.937208,0.97323,0.641867,True,legacy_portrait_single;shot_face_headshot:existing_shot_type,False,image_face_headshot_with_full_body_pose,face route but lower_body=1,False
sstk_image_1368525119,person_single_face_headshot,portrait_single,0.95,0.09079,0.801593,0.748191,0.506398,True,legacy_portrait_single;shot_face_headshot:existing_shot_type,False,image_face_headshot_with_full_body_pose,face route but lower_body=1,False
sstk_image_1408502999,person_single_face_headshot,portrait_single,0.95,0.035294,0.500285,0.892783,0.86984,True,legacy_portrait_single;shot_face_headshot:existing_shot_type,False,image_face_headshot_with_full_body_pose,face route but lower_body=1,False
sstk_image_1411349012,person_single_face_headshot,portrait_single,0.95,0.081801,0.91812,0.854672,0.797147,True,legacy_portrait_single;shot_face_headshot:existing_shot_type,False,image_face_headshot_with_full_body_pose,face route but lower_body=1,False
sstk_image_1423627205,person_single_face_headshot,portrait_single,0.95,0.0,0.950221,0.590204,0.687868,False,legacy_portrait_single;shot_face_headshot:existing_shot_type,False,image_face_headshot_with_full_body_pose,face route but lower_body=0,False
sstk_image_1441855415,person_single_face_headshot,portrait_single,0.95,0.058105,0.398668,0.94542,0.667668,True,legacy_portrait_single;shot_face_headshot:existing_shot_type,False,image_face_headshot_with_full_body_pose,face route but lower_body=1,False
sstk_image_1472922422,person_single_face_headshot,portrait_single,0.95,0.069418,0.828292,0.896541,0.704437,True,legacy_portrait_single;shot_face_headshot:existing_shot_type,False,image_face_headshot_with_full_body_pose,face route but lower_body=1,False
sstk_image_1511374670,person_single_face_headshot,portrait_single,0.95,0.114022,0.548358,1.0,0.899448,True,legacy_portrait_single;shot_face_headshot:existing_shot_type,False,image_face_headshot_with_full_body_pose,face route but lower_body=1,False
sstk_image_1520431016,person_single_face_headshot,portrait_single,0.95,0.097169,0.960495,0.902146,0.812129,True,legacy_portrait_single;shot_face_headshot:existing_shot_type,False,image_face_headshot_with_full_body_pose,face route but lower_body=1,False
sstk_image_1527146537,person_single_face_headshot,portrait_single,0.95,0.038574,0.566485,0.859391,0.705362,True,legacy_portrait_single;shot_face_headshot:existing_shot_type,False,image_face_headshot_with_full_body_pose,face route but lower_body=1,False
sstk_image_1536045170,person_single_face_headshot,portrait_single,0.95,0.044729,0.924611,0.961492,0.802586,True,legacy_portrait_single;shot_face_headshot:existing_shot_type,False,image_face_headshot_with_full_body_pose,face route but lower_body=1,False
sstk_image_1537319063,person_single_face_headshot,portrait_single,0.95,0.08748,0.745229,0.82019,0.70265,True,legacy_portrait_single;shot_face_headshot:existing_shot_type,False,image_face_headshot_with_full_body_pose,face route but lower_body=1,False
sstk_image_1546067765,person_single_face_headshot,portrait_single,0.95,0.073231,0.352031,1.0,0.613815,True,legacy_portrait_single;shot_face_headshot:existing_shot_type,False,image_face_headshot_with_full_body_pose,face route but lower_body=1,False
sstk_image_1565670898,person_single_face_headshot,portrait_single,0.95,0.041128,0.892718,0.629275,0.693999,True,legacy_portrait_single;shot_face_headshot:existing_shot_type,False,image_face_headshot_with_full_body_pose,face route but lower_body=1,False
sstk_image_1575427330,person_single_face_headshot,portrait_single,0.95,0.045773,0.928818,0.888127,0.777562,True,legacy_portrait_single;shot_face_headshot:existing_shot_type,False,image_face_headshot_with_full_body_pose,face route but lower_body=1,False
sstk_image_1575539143,person_single_face_headshot,portrait_single,0.95,0.031032,0.9738,0.931591,0.854991,True,legacy_portrait_single;shot_face_headshot:existing_shot_type,False,image_face_headshot_with_full_body_pose,face route but lower_body=1,False
sstk_image_158355500,person_single_face_headshot,portrait_single,0.95,0.055418,0.933588,0.810184,0.784665,True,legacy_portrait_single;shot_face_headshot:existing_shot_type,False,image_face_headshot_with_full_body_pose,face route but lower_body=1,False
sstk_image_1606469251,person_single_face_headshot,portrait_single,0.95,0.119518,0.885064,0.810744,0.681634,True,legacy_portrait_single;shot_face_headshot:existing_shot_type,False,image_face_headshot_with_full_body_pose,face route but lower_body=1,False
sstk_image_1607701297,person_single_face_headshot,portrait_single,0.95,0.075799,0.96182,0.90517,0.720127,True,legacy_portrait_single;shot_face_headshot:existing_shot_type,False,image_face_headshot_with_full_body_pose,face route but lower_body=1,False
sstk_image_1608033145,person_single_face_headshot,portrait_single,0.95,0.0,0.866483,0.973097,0.994791,True,legacy_portrait_single;shot_face_headshot:existing_shot_type,False,image_face_headshot_with_full_body_pose,face route but lower_body=1,False
sstk_image_1611718510,person_single_face_headshot,portrait_single,0.95,0.075401,0.921965,0.812207,0.654159,True,legacy_portrait_single;shot_face_headshot:existing_shot_type,False,image_face_headshot_with_full_body_pose,face route but lower_body=1,False
sstk_image_1627444687,person_single_face_headshot,portrait_single,0.95,0.093792,0.378804,0.497816,0.560657,False,legacy_portrait_single;shot_face_headshot:existing_shot_type,False,image_face_headshot_with_full_body_pose,face route but lower_body=0,False
sstk_image_1647689560,person_single_face_headshot,portrait_single,0.95,0.120823,0.962548,0.984523,0.640282,True,legacy_portrait_single;shot_face_headshot:existing_shot_type,False,image_face_headshot_with_full_body_pose,face route but lower_body=1,False
sstk_image_1649796778,person_single_face_headshot,portrait_single,0.95,0.106946,0.595889,0.908873,0.992931,True,legacy_portrait_single;shot_face_headshot:existing_shot_type,False,image_face_headshot_with_full_body_pose,face route but lower_body=1,False
sstk_image_1653447358,person_single_face_headshot,portrait_single,0.95,0.037133,0.917792,0.898412,0.736017,True,legacy_portrait_single;shot_face_headshot:existing_shot_type,False,image_face_headshot_with_full_body_pose,face route but lower_body=1,False
sstk_image_1704444244,person_single_face_headshot,portrait_single,0.95,0.011712,0.586098,0.699293,0.773082,True,legacy_portrait_single;shot_face_headshot:existing_shot_type,False,image_face_headshot_with_full_body_pose,face route but lower_body=1,False
sstk_image_1715987716,person_single_face_headshot,portrait_single,0.95,0.012607,0.858545,0.771054,0.840249,True,legacy_portrait_single;shot_face_headshot:existing_shot_type,False,image_face_headshot_with_full_body_pose,face route but lower_body=1,False
sstk_image_1716035917,person_single_face_headshot,portrait_single,0.95,0.074058,0.741353,0.947104,0.817639,True,legacy_portrait_single;shot_face_headshot:existing_shot_type,False,image_face_headshot_with_full_body_pose,face route but lower_body=1,False
sstk_image_1730141206,person_single_face_headshot,portrait_single,0.95,0.083209,0.987478,0.845178,0.848795,True,legacy_portrait_single;shot_face_headshot:existing_shot_type,False,image_face_headshot_with_full_body_pose,face route but lower_body=1,False
sstk_image_1756305947,person_single_face_headshot,portrait_single,0.95,0.034739,0.966758,0.725931,0.574118,True,legacy_portrait_single;shot_face_headshot:existing_shot_type,False,image_face_headshot_with_full_body_pose,face route but lower_body=1,False
sstk_image_1785858692,person_single_face_headshot,portrait_single,0.95,0.044664,0.933822,0.851553,0.777083,True,legacy_portrait_single;shot_face_headshot:existing_shot_type,False,image_face_headshot_with_full_body_pose,face route but lower_body=1,False
sstk_image_1809133915,person_single_face_headshot,portrait_single,0.95,0.086211,0.864973,0.901343,0.924547,True,legacy_portrait_single;shot_face_headshot:existing_shot_type,False,image_face_headshot_with_full_body_pose,face route but lower_body=1,False
sstk_image_1814600588,person_single_face_headshot,portrait_single,0.83,0.088835,0.959678,0.85835,0.742299,True,legacy_portrait_single;shot_face_headshot:existing_shot_type,False,image_face_headshot_with_full_body_pose,face route but lower_body=1,False
sstk_image_1826726777,person_single_face_headshot,portrait_single,0.95,0.090965,0.942459,0.807333,0.588599,True,legacy_portrait_single;shot_face_headshot:existing_shot_type,False,image_face_headshot_with_full_body_pose,face route but lower_body=1,False
sstk_image_1845995764,person_single_face_headshot,portrait_single,0.83,0.105781,0.733798,0.692688,0.56817,True,legacy_portrait_single;shot_face_headshot:existing_shot_type,False,image_face_headshot_with_full_body_pose,face route but lower_body=1,False
sstk_image_1850877277,person_single_face_headshot,portrait_single,0.95,0.061713,0.787579,0.908844,0.839594,True,legacy_portrait_single;shot_face_headshot:existing_shot_type,False,image_face_headshot_with_full_body_pose,face route but lower_body=1,False
sstk_image_1866186784,person_single_face_headshot,portrait_single,0.95,0.07964,0.906051,0.885667,0.792806,True,legacy_portrait_single;shot_face_headshot:existing_shot_type,False,image_face_headshot_with_full_body_pose,face route but lower_body=1,False
sstk_image_1872512731,person_single_face_headshot,portrait_single,0.95,0.040436,0.979703,0.823576,0.826464,True,legacy_portrait_single;shot_face_headshot:existing_shot_type,False,image_face_headshot_with_full_body_pose,face route but lower_body=1,False
sstk_image_188983511,person_single_face_headshot,portrait_single,0.95,0.064665,0.941244,0.926938,0.836149,True,legacy_portrait_single;shot_face_headshot:existing_shot_type,False,image_face_headshot_with_full_body_pose,face route but lower_body=1,False
sstk_image_1928258726,person_single_face_headshot,portrait_single,0.95,0.062758,0.902286,0.88176,0.746175,True,legacy_portrait_single;shot_face_headshot:existing_shot_type,False,image_face_headshot_with_full_body_pose,face route but lower_body=1,False
sstk_image_1945208383,person_single_face_headshot,portrait_single,0.95,0.091479,0.939111,0.799894,0.644114,True,legacy_portrait_single;shot_face_headshot:existing_shot_type,False,image_face_headshot_with_full_body_pose,face route but lower_body=1,False
sstk_image_1973850527,person_single_face_headshot,portrait_single,0.95,0.075223,0.893374,0.900087,0.754772,True,legacy_portrait_single;shot_face_headshot:existing_shot_type,False,image_face_headshot_with_full_body_pose,face route but lower_body=1,False
sstk_image_1992581912,person_single_face_headshot,portrait_single,0.95,0.062592,0.979309,0.646103,0.54823,True,legacy_portrait_single;shot_face_headshot:existing_shot_type,False,image_face_headshot_with_full_body_pose,face route but lower_body=1,False
sstk_image_2000828369,person_single_face_headshot,portrait_single,0.95,0.09303,0.888929,0.820798,0.543114,True,legacy_portrait_single;shot_face_headshot:existing_shot_type,False,image_face_headshot_with_full_body_pose,face route but lower_body=1,False
sstk_image_2012204216,person_single_face_headshot,portrait_single,0.91,0.091396,0.529356,0.687849,0.780259,True,legacy_portrait_single;shot_face_headshot:existing_shot_type,False,image_face_headshot_with_full_body_pose,face route but lower_body=1,False
sstk_image_206075740,person_single_face_headshot,portrait_single,0.95,0.121188,0.919691,0.896007,0.835428,True,legacy_portrait_single;shot_face_headshot:existing_shot_type,False,image_face_headshot_with_full_body_pose,face route but lower_body=1,False
sstk_image_2078778229,person_single_face_headshot,portrait_single,0.95,0.071451,0.582897,0.718795,0.522592,True,legacy_portrait_single;shot_face_headshot:existing_shot_type,False,image_face_headshot_with_full_body_pose,face route but lower_body=1,False
sstk_image_2080422304,person_single_face_headshot,portrait_single,0.95,0.05959,0.726017,0.757863,0.689424,True,legacy_portrait_single;shot_face_headshot:existing_shot_type,False,image_face_headshot_with_full_body_pose,face route but lower_body=1,False
sstk_image_2110344065,person_single_face_headshot,portrait_single,0.95,0.087167,0.911504,0.891387,0.638055,True,legacy_portrait_single;shot_face_headshot:existing_shot_type,False,image_face_headshot_with_full_body_pose,face route but lower_body=1,False
sstk_image_2135882549,person_single_face_headshot,portrait_single,0.95,0.090745,0.347757,1.0,0.854698,True,legacy_portrait_single;shot_face_headshot:existing_shot_type,False,image_face_headshot_with_full_body_pose,face route but lower_body=1,False
sstk_image_2137737301,person_single_face_headshot,portrait_single,0.95,0.031532,0.904874,0.954251,0.556421,True,legacy_portrait_single;shot_face_headshot:existing_shot_type,False,image_face_headshot_with_full_body_pose,face route but lower_body=1,False
sstk_image_2144457957,person_single_face_headshot,portrait_single,0.95,0.014701,0.969744,0.893683,0.666296,True,legacy_portrait_single;shot_face_headshot:existing_shot_type,False,image_face_headshot_with_full_body_pose,face route but lower_body=1,False
sstk_image_2147197159,person_single_face_headshot,portrait_single,0.95,0.054924,0.900228,0.850713,0.665936,True,legacy_portrait_single;shot_face_headshot:existing_shot_type,False,image_face_headshot_with_full_body_pose,face route but lower_body=1,False
sstk_image_2160764609,person_single_face_headshot,portrait_single,0.95,0.066293,0.914491,0.845983,0.598412,True,legacy_portrait_single;shot_face_headshot:existing_shot_type,False,image_face_headshot_with_full_body_pose,face route but lower_body=1,False
sstk_image_2184677037,person_single_face_headshot,portrait_single,0.95,0.113239,0.501904,0.992099,0.792697,True,legacy_portrait_single;shot_face_headshot:existing_shot_type,False,image_face_headshot_with_full_body_pose,face route but lower_body=1,False
sstk_image_218472457,person_single_face_headshot,portrait_single,0.95,0.064588,0.863436,0.793587,0.789492,True,legacy_portrait_single;shot_face_headshot:existing_shot_type,False,image_face_headshot_with_full_body_pose,face route but lower_body=1,False
sstk_image_218974738,person_single_face_headshot,portrait_single,0.95,0.102209,0.979809,0.872128,0.885497,True,legacy_portrait_single;shot_face_headshot:existing_shot_type,False,image_face_headshot_with_full_body_pose,face route but lower_body=1,False
sstk_image_2201395095,person_single_face_headshot,portrait_single,0.95,0.060533,0.943856,0.857304,0.623713,True,legacy_portrait_single;shot_face_headshot:existing_shot_type,False,image_face_headshot_with_full_body_pose,face route but lower_body=1,False
sstk_image_2224449209,person_single_face_headshot,portrait_single,0.95,0.073817,0.918437,0.843885,0.749164,True,legacy_portrait_single;shot_face_headshot:existing_shot_type,False,image_face_headshot_with_full_body_pose,face route but lower_body=1,False
sstk_image_2227663907,person_single_face_headshot,portrait_single,0.95,0.03146,0.8726,0.710225,0.630191,True,legacy_portrait_single;shot_face_headshot:existing_shot_type,False,image_face_headshot_with_full_body_pose,face route but lower_body=1,False
sstk_image_2239379947,person_single_face_headshot,portrait_single,0.95,0.105595,0.905038,0.783079,0.707745,True,legacy_portrait_single;shot_face_headshot:existing_shot_type,False,image_face_headshot_with_full_body_pose,face route but lower_body=1,False
sstk_image_2261625915,person_single_face_headshot,portrait_single,0.95,0.044018,0.916215,0.773538,0.712565,True,legacy_portrait_single;shot_face_headshot:existing_shot_type,False,image_face_headshot_with_full_body_pose,face route but lower_body=1,False
sstk_image_235018003,person_single_face_headshot,portrait_single,0.95,0.121856,0.760121,0.884225,0.591598,True,legacy_portrait_single;shot_face_headshot:existing_shot_type,False,image_face_headshot_with_full_body_pose,face route but lower_body=1,False
sstk_image_256473748,person_single_face_headshot,portrait_single,0.95,0.099917,0.738665,0.945639,0.715619,True,legacy_portrait_single;shot_face_headshot:existing_shot_type,False,image_face_headshot_with_full_body_pose,face route but lower_body=1,False
sstk_image_276114329,person_single_face_headshot,portrait_single,0.95,0.0,0.839119,0.635634,0.734997,True,legacy_portrait_single;shot_face_headshot:existing_shot_type,False,image_face_headshot_with_full_body_pose,face route but lower_body=1,False
sstk_image_284612921,person_single_face_headshot,portrait_single,0.91,0.0,0.40148,0.8544,0.575451,True,legacy_portrait_single;shot_face_headshot:existing_shot_type,False,image_face_headshot_with_full_body_pose,face route but lower_body=1,False
sstk_image_296440646,person_single_face_headshot,portrait_single,0.95,0.110889,0.758271,1.0,0.998224,True,legacy_portrait_single;shot_face_headshot:existing_shot_type,False,image_face_headshot_with_full_body_pose,face route but lower_body=1,False
sstk_image_303270530,person_single_face_headshot,portrait_single,0.95,0.12899,0.645372,0.778041,0.507481,True,legacy_portrait_single;shot_face_headshot:existing_shot_type,False,image_face_headshot_with_full_body_pose,face route but lower_body=1,False
sstk_image_319923125,person_single_face_headshot,portrait_single,0.95,0.058771,0.835903,0.930076,0.809344,True,legacy_portrait_single;shot_face_headshot:existing_shot_type,False,image_face_headshot_with_full_body_pose,face route but lower_body=1,False
sstk_image_334865765,person_single_face_headshot,portrait_single,0.95,0.040207,0.603224,0.803935,0.620857,True,legacy_portrait_single;shot_face_headshot:existing_shot_type,False,image_face_headshot_with_full_body_pose,face route but lower_body=1,False
sstk_image_344064785,person_single_face_headshot,portrait_single,0.95,0.065296,0.609257,0.866688,0.850819,True,legacy_portrait_single;shot_face_headshot:existing_shot_type,False,image_face_headshot_with_full_body_pose,face route but lower_body=1,False
sstk_image_348900140,person_single_face_headshot,portrait_single,0.95,0.078665,0.918746,0.870476,0.924753,True,legacy_portrait_single;shot_face_headshot:existing_shot_type,False,image_face_headshot_with_full_body_pose,face route but lower_body=1,False
sstk_image_352749587,person_single_face_headshot,portrait_single,0.95,0.018092,0.308504,0.444026,0.925665,False,legacy_portrait_single;shot_face_headshot:existing_shot_type,False,image_face_headshot_with_full_body_pose,face route but lower_body=0,False
sstk_image_365208467,person_single_face_headshot,portrait_single,0.95,0.08618,0.863244,0.92233,0.808578,True,legacy_portrait_single;shot_face_headshot:existing_shot_type,False,image_face_headshot_with_full_body_pose,face route but lower_body=1,False
sstk_image_467314658,person_single_face_headshot,portrait_single,0.95,0.055813,0.578857,0.829052,0.640974,True,legacy_portrait_single;shot_face_headshot:existing_shot_type,False,image_face_headshot_with_full_body_pose,face route but lower_body=1,False
sstk_image_517527739,person_single_face_headshot,portrait_single,0.95,0.046078,0.739425,0.782912,0.813515,True,legacy_portrait_single;shot_face_headshot:existing_shot_type,False,image_face_headshot_with_full_body_pose,face route but lower_body=1,False
sstk_image_521581285,person_single_face_headshot,portrait_single,0.95,0.100907,0.88275,0.761625,0.834136,True,legacy_portrait_single;shot_face_headshot:existing_shot_type,False,image_face_headshot_with_full_body_pose,face route but lower_body=1,False
sstk_image_58026556,person_single_face_headshot,portrait_single,0.95,0.070831,0.95058,0.871346,0.846205,True,legacy_portrait_single;shot_face_headshot:existing_shot_type,False,image_face_headshot_with_full_body_pose,face route but lower_body=1,False
sstk_image_596991857,person_single_face_headshot,portrait_single,0.95,0.041429,0.924341,0.665045,0.468553,True,legacy_portrait_single;shot_face_headshot:existing_shot_type,False,image_face_headshot_with_full_body_pose,face route but lower_body=1,False
sstk_image_606611252,person_single_face_headshot,portrait_single,0.95,0.098282,0.657757,0.998451,0.602179,True,legacy_portrait_single;shot_face_headshot:existing_shot_type,False,image_face_headshot_with_full_body_pose,face route but lower_body=1,False
sstk_image_617532332,person_single_face_headshot,portrait_single,0.95,0.110484,0.931084,0.878429,0.847851,True,legacy_portrait_single;shot_face_headshot:existing_shot_type,False,image_face_headshot_with_full_body_pose,face route but lower_body=1,False
sstk_image_641321860,person_single_face_headshot,portrait_single,0.95,0.052908,0.925025,0.847639,0.891372,True,legacy_portrait_single;shot_face_headshot:existing_shot_type,False,image_face_headshot_with_full_body_pose,face route but lower_body=1,False
sstk_image_658594042,person_single_face_headshot,portrait_single,0.95,0.072129,0.911687,0.875782,0.701085,True,legacy_portrait_single;shot_face_headshot:existing_shot_type,False,image_face_headshot_with_full_body_pose,face route but lower_body=1,False
sstk_image_667423294,person_single_face_headshot,portrait_single,0.95,0.045042,0.951627,0.881757,0.635722,True,legacy_portrait_single;shot_face_headshot:existing_shot_type,False,image_face_headshot_with_full_body_pose,face route but lower_body=1,False
sstk_image_670114429,person_single_face_headshot,portrait_single,0.95,0.12787,0.560198,0.987444,0.910896,True,legacy_portrait_single;shot_face_headshot:existing_shot_type,False,image_face_headshot_with_full_body_pose,face route but lower_body=1,False
sstk_image_670571350,person_single_face_headshot,portrait_single,0.95,0.117322,0.756538,0.905489,0.654485,True,legacy_portrait_single;shot_face_headshot:existing_shot_type,False,image_face_headshot_with_full_body_pose,face route but lower_body=1,False
sstk_image_677219992,person_single_face_headshot,portrait_single,0.95,0.066568,0.888955,0.760967,0.644422,True,legacy_portrait_single;shot_face_headshot:existing_shot_type,False,image_face_headshot_with_full_body_pose,face route but lower_body=1,False
sstk_image_688261966,person_single_face_headshot,portrait_single,0.95,0.100007,0.529553,0.984232,0.871393,True,legacy_portrait_single;shot_face_headshot:existing_shot_type,False,image_face_headshot_with_full_body_pose,face route but lower_body=1,False
sstk_image_697251292,person_single_face_headshot,portrait_single,0.95,0.090184,0.903245,0.802392,0.599317,True,legacy_portrait_single;shot_face_headshot:existing_shot_type,False,image_face_headshot_with_full_body_pose,face route but lower_body=1,False
sstk_image_715919722,person_single_face_headshot,portrait_single,0.95,0.059769,0.93986,0.815604,0.64612,True,legacy_portrait_single;shot_face_headshot:existing_shot_type,False,image_face_headshot_with_full_body_pose,face route but lower_body=1,False
sstk_image_730883971,person_single_face_headshot,portrait_single,0.95,0.077242,0.918301,0.879442,0.777307,True,legacy_portrait_single;shot_face_headshot:existing_shot_type,False,image_face_headshot_with_full_body_pose,face route but lower_body=1,False
sstk_image_746436937,person_single_face_headshot,portrait_single,0.95,0.031765,0.92172,0.806784,0.664533,True,legacy_portrait_single;shot_face_headshot:existing_shot_type,False,image_face_headshot_with_full_body_pose,face route but lower_body=1,False
sstk_image_750021037,person_single_face_headshot,portrait_single,0.95,0.114565,0.66443,0.999022,0.664382,True,legacy_portrait_single;shot_face_headshot:existing_shot_type,False,image_face_headshot_with_full_body_pose,face route but lower_body=1,False
sstk_image_756516850,person_single_face_headshot,portrait_single,0.95,0.100354,0.942713,0.929119,0.859737,True,legacy_portrait_single;shot_face_headshot:existing_shot_type,False,image_face_headshot_with_full_body_pose,face route but lower_body=1,False
sstk_image_760055866,person_single_face_headshot,portrait_single,0.95,0.111342,0.555052,0.875273,0.739813,True,legacy_portrait_single;shot_face_headshot:existing_shot_type,False,image_face_headshot_with_full_body_pose,face route but lower_body=1,False
sstk_image_778963891,person_single_face_headshot,portrait_single,0.95,0.0196,0.894503,0.870527,0.820283,True,legacy_portrait_single;shot_face_headshot:existing_shot_type,False,image_face_headshot_with_full_body_pose,face route but lower_body=1,False
sstk_image_77931307,person_single_face_headshot,portrait_single,0.95,0.052615,0.307569,0.971541,0.89926,True,legacy_portrait_single;shot_face_headshot:existing_shot_type,False,image_face_headshot_with_full_body_pose,face route but lower_body=1,False
sstk_image_789387994,person_single_face_headshot,portrait_single,0.95,0.097191,0.539003,0.997839,0.713639,True,legacy_portrait_single;shot_face_headshot:existing_shot_type,False,image_face_headshot_with_full_body_pose,face route but lower_body=1,False
sstk_image_791649196,person_single_face_headshot,portrait_single,0.95,0.07635,0.951141,0.84372,0.815945,True,legacy_portrait_single;shot_face_headshot:existing_shot_type,False,image_face_headshot_with_full_body_pose,face route but lower_body=1,False
sstk_image_83948809,person_single_face_headshot,portrait_single,0.95,0.105557,0.88432,0.634508,0.553088,True,legacy_portrait_single;shot_face_headshot:existing_shot_type,False,image_face_headshot_with_full_body_pose,face route but lower_body=1,False
sstk_image_98692670,person_single_face_headshot,portrait_single,0.95,0.049909,0.980463,0.82001,0.609789,True,legacy_portrait_single;shot_face_headshot:existing_shot_type,False,image_face_headshot_with_full_body_pose,face route but lower_body=1,False
